"Hotel","URL","QTD_Avaliações","Localização","Descrição"
"      1. Praiano Hotel","https://www.tripadvisor.com.br/Hotel_Review-g303293-d307468-Reviews-Praiano_Hotel-Fortaleza_State_of_Ceara.html",2281,"Av. Beira Mar, 2800, Fortaleza, Ceará 60165-120 Brasil","Se você está procurando um hotel em Fortaleza, você acabou de encontrar o Praiano Hotel. Devido à proximidade de pontos turísticos importantes, como Praça Dos Stressados (0,4 km) e Praça Luíza Távora (1,7 km), os hóspedes do Praiano Hotel podem visitar com facilidade algumas das atrações mais famosas de Fortaleza. Os quartos do Praiano Hotel têm TV de tela plana, minibar e ar-condicionado, para oferecer conforto e conveniência excepcionais. Além disso, os hóspedes podem acessar a internet com o wi-fi gratuito. Recepção 24 horas, serviço de quarto e concierge são algumas das comodidades oferecidas neste hotel. A piscina e o café da manhã também ajudam a proporcionar uma estadia ainda mais especial. Em Fortaleza, não deixe de experimentar os pratos típicos de ostra em restaurantes como Marcão das Ostras. Fortaleza também é uma cidade conhecida por parques federais notáveis, como Parque Estadual Marinho da Pedra da Risca do Meio, que não ficam longe do Praiano Hotel. A equipe do Praiano Hotel espera dar as boas-vindas a você em breve!Leia mais"
"      2. Hotel Sonata De Iracema","https://www.tripadvisor.com.br/Hotel_Review-g303293-d1075985-Reviews-Hotel_Sonata_de_Iracema-Fortaleza_State_of_Ceara.html",1041,"Av. Beira Mar, 848 Praia de Iracema, Fortaleza, Ceará 60060-610 Brasil","O Hotel Sonata de Iracema é um hotel à beira-mar, um lugar de muitas possibilidades, situado na Praia de Iracema, em um dos mais belos pontos da cidade de Fortaleza. Da sua janela, você pode admirar a vista para o mar, ou enquanto relaxa na piscina, com atendimento personalizado, uma infraestrutura confortável e segura. Um hotel com ótimo custo benefício, todos os quartos com vista para o mar, ar-condicionado, TV a cabo, academia, café da manhã com buffet completo, serviço de quarto 24 horas, estacionamento cortesia, área de leitura, galeria de obras de artes com artistas locais, salões de eventos, wi-fi grátis e o Restaurante Maestro, com a melhor gastronomia local. Funcionários treinados e preparados para atender as suas necessidades. Próximo aos principais pontos turísticos da cidade, tem como missão, proporcionar a melhor experiência em seus serviços, valorizando as pessoas, o meio ambiente, apoio a cultura Cearense, com práticas sustentáveis, inclusão social e fazendo a diferença nos pequenos detalhes. Seu propósito é fazer a diferença na vida das pessoas através dos serviços conscientes, que respeitem o meio ambiente e a humanização das relações com os seus clientes, fazendo com que você sinta – se em casa!Leia mais"
"      3. Vila Galé Fortaleza","https://www.tripadvisor.com.br/Hotel_Review-g303293-d307216-Reviews-Vila_Gale_Fortaleza-Fortaleza_State_of_Ceara.html",2752,"Avenida Dioguinho 4189 Praia do Futuro, Fortaleza, Ceará 60183-707 Brasil","O Hotel Vila Galé Fortaleza está localizado sobre o areal e a apenas 10 minutos da conhecida Avenida Beira-Mar, em Fortaleza.Guardámos a melhor extensão da praia para si, no Nordeste Brasileiro, para que passe as suas melhores férias no Brasil.Leia mais"
"      4. ibis Fortaleza Praia de Iracema","https://www.tripadvisor.com.br/Hotel_Review-g303293-d299389-Reviews-Ibis_Fortaleza_Praia_de_Iracema-Fortaleza_State_of_Ceara.html",2463,"Rua Dr Atualpa Barbosa Lima 660 Praia de Iracema, Fortaleza, Ceará 60115-015 Brasil","Encontrar um hotel tranquilo em Fortaleza não precisa ser uma tarefa difícil. Conheça o Hotel Ibis Fortaleza, uma excelente opção para viajantes como você.A proximidade de alguns pontos turísticos, como Aterro da Praia de Iracema (0,4 km) e Mercado dos Pinhões (0,8 km), fazem do Ibis Fortaleza um ótimo lugar para se hospedar em uma visita a Fortaleza.Como um verdadeiro “lar longe de casa”, os quartos deste hotel contam com TV de tela plana, minibar e ar-condicionado. Além disso, acessar a internet é fácil com o wi-fi gratuito.Os hóspedes têm acesso a várias comodidades, a exemplo de recepção 24 horas, jornal e armazenamento de bagagem, durante a estadia no Ibis Fortaleza. Além disso, o Ibis Fortaleza oferece piscina e restaurante, o que vai tornar sua viagem a Fortaleza ainda mais gratificante. Como uma conveniência a mais, o estacionamento grátis está disponível para os hóspedes.Em Fortaleza, confira alguns restaurantes que ficam bem perto do Ibis Fortaleza, incluindo Santa Grelha Meireles (1,2 km), Restaurante Jardim do Alchymist (0,5 km) e Dom Pastel - Coco Bambu (0,8 km).Se você estiver em busca de algo interessante para fazer, uma maneira interessante de passar o tempo é visitar lugares como Fortaleza de Nossa Senhora da Assunção.O Hotel Ibis Fortaleza aguarda você na sua visita a Fortaleza.Leia mais"
"      5. Hotel Gran Marquise","https://www.tripadvisor.com.br/Hotel_Review-g303293-d301709-Reviews-Hotel_Gran_Marquise-Fortaleza_State_of_Ceara.html",2658,"Avenida Beira Mar 3980 Mucuripe, Fortaleza, Ceará 60165-121 Brasil","O Hotel Gran Marquise está classificado na categoria 5 estrelas luxo. Localizado na Avenida Beira Mar, praia do Mucuripe, a 7 km do centro de Fortaleza, o Hotel oferece uma completa estrutura para viagens de negócios e lazer, dispondo de 230 quartos, lobby bar, piscina, fitness center, SPA by L'Occitane, business center e salões de eventos com capacidade para até 1.300 pessoas. Possui ainda dois restaurantes segmentados: o Mucuripe, especializado em massas, risotos, saladas, grelhados e que, aos sábados, serve a melhor feijoada da cidade, assim eleita por oito anos consecutivos pelo júri da revista Veja Fortaleza; e o Mangostin, especializado nas culinárias da Tailândia, China, Coreia e Japão.Leia mais"
"      6. Magna Praia Hotel","https://www.tripadvisor.com.br/Hotel_Review-g303293-d507173-Reviews-Magna_Praia_Hotel-Fortaleza_State_of_Ceara.html",2449,"Avenida Historiador Raimundo Girao 1002 Praia de Iracema, Fortaleza, Ceará 60165-050 Brasil","Encontrar um hotel familiar em Fortaleza não precisa ser complicado. Receba as boas-vindas do Carmel Magna Praia Hotel, uma boa opção para viajantes como você.Os hóspedes podem usar o wi-fi gratuito e os quartos do Carmel Magna Praia Hotel contam com TV de tela plana, minibar e ar-condicionado.Durante a sua estadia, aproveite as comodidades oferecidas, como uma recepção 24 horas, um serviço de quarto e um concierge. Os hóspedes do Carmel Magna Praia Hotel também podem desfrutar da piscina e do bar na piscina no local.Durante a estadia no Carmel Magna Praia Hotel, os visitantes podem conhecer Aterro da Praia de Iracema (0,5 km) e Mercado dos Pinhões (1,0 km), algumas das atrações mais famosas de Fortaleza.Em Fortaleza, não deixe de experimentar os pratos típicos de lagosta em restaurantes como Mercado de Peixes do Mucuripe, Coco Bambu Frutos do Mar ou Coco Bambu Meireles.Fortaleza também é uma cidade conhecida por belas galerias de arte, como Salão Das Ilusões, Vestigium e Sem Titulo Arte, que não ficam longe do Carmel Magna Praia Hotel.Além de oferecer o melhor de Fortaleza na palma de sua mão, o Carmel Magna Praia Hotel proporciona uma estadia relaxante e agradável.Leia mais"
"      7. Crocobeach Hotel","https://www.tripadvisor.com.br/Hotel_Review-g303293-d9717243-Reviews-Crocobeach_Hotel-Fortaleza_State_of_Ceara.html",704,"Avenida Clovis Arrais Maia 3700 Praia do Futuro, Fortaleza, Ceará 60182-322 Brasil","Todos os nossos apartamentos têm fechadura eletrônica de abertura por aproximação, cofre eletrônico gratuito, frigobar abastecido silencioso, TV Smart Led de 40 ou 47’’, canais de TV via satélite, telefone, Ar Condicionado tipo split. Banheiro completo com secador de cabelo. Maioria dos apartamentos com varanda com vista frontal ou lateral de mar. Apartamentos Standard não têm varanda nem vista mar. Internet Wireless grátis nos apartamentos e áreas públicas.Leia mais"
"      8. Hotel Villa Mayor","https://www.tripadvisor.com.br/Hotel_Review-g303293-d307217-Reviews-Hotel_Villa_Mayor-Fortaleza_State_of_Ceara.html",1538,"Rua Visconde De Mauá, 151 Meireles, Fortaleza, Ceará 60125-160 Brasil","O Hotel Villa Mayor esta localizado a 100 metros da Avenida Beira mar e da famosa feirinha de artesanato. Dispoe de 90 apartamentos, todos com ar-condicionado,elevador, telefone, frigobar, TV a cabo (voltagem: 220 volts.), Com Wi-FI gratuito e cofre individual. Para tornar sua estadia mais agradavel, o Hotel tem piscina, bar, coffee shop e um delicioso e variado cafe da manha com sucos e frutas regionais. Tudo isso numa paradisiaca cidade chamada Fortaleza. A tematizacao do Hotel Villa Mayor refere-se a nossa Fortaleza historica de meados do seculo XX. Seu conceito tematico e um resgate sentimental destes tempos tranquilos de outrora e, acima de tudo, uma homenagem singela a nossa cidade. O Hotel Villa Mayor tem o prazer de recebe-los como convidados em nossa pequena viagem ao passado.Leia mais"
"      9. Hotel Luzeiros","https://www.tripadvisor.com.br/Hotel_Review-g303293-d460516-Reviews-Hotel_Luzeiros-Fortaleza_State_of_Ceara.html",2504,"Av. Beira Mar, 2600 Meireles, Fortaleza, Ceará 60165-120 Brasil","Receba as boas-vindas ao Hotel Luzeiros, seu “lar longe de casa” em Fortaleza. O Hotel Luzeiros tem como meta proporcionar a você uma visita relaxante e agradável, motivo pelo qual vários hóspedes retornam todos os anos.Com pontos turísticos próximos, como Praça Dos Stressados (0,6 km) e Aterro da Praia de Iracema (1,5 km), os hóspedes do Hotel Luzeiros não encontram dificuldade para conhecer algumas das atrações mais famosas de Fortaleza.Além de quartos com TV de tela plana, geladeira e ar-condicionado, é possível acessar a internet com o wi-fi gratuito, o que permite unir o trabalho e o lazer com facilidade.O Hotel Luzeiros oferece recepção 24 horas, concierge e serviço de quarto. Além disso, como cliente especial do Hotel Luzeiros, você pode aproveitar a piscina e o café da manhã disponíveis no local. Os hóspedes que chegam de carro têm acesso ao estacionamento.Durante sua estadia, não deixe de conferir alguns dos restaurantes que servem comida asiática, incluindo Fuji Sushi Lounge, Misaki Restaurante e K-BAB, todos a uma curta distância do Hotel Luzeiros.Que explorar a cidade? Então não deixe de conferir Museu da Fotografia Fortaleza (1,4 km), uma atração badalada de Fortaleza que fica tão perto do hotel que você pode ir andando.O Hotel Luzeiros oferece o melhor de Fortaleza a poucos passos, além de proporcionar uma estadia relaxante e agradável.Leia mais"
"      10. Gran Mareiro Hotel","https://www.tripadvisor.com.br/Hotel_Review-g303293-d9458886-Reviews-Gran_Mareiro_Hotel-Fortaleza_State_of_Ceara.html",1324,"Rua Osvaldo Araujo, 100 Praia Do Futuro, Fortaleza, Ceará 60177-325 Brasil","Localizado na Praia do Futuro, a praia com a melhor infraestrutura de barracas da orla de Fortaleza e uma das mais visitadas por turistas do mundo todo, o Gran Mareiro Hotel se destaca por sua ampla área de lazer, piscina com espelhos-d’água, duas hidromassagens, bar molhado, salão de jogos, sauna, academia e kids club.Leia mais"
"      11. Ibis Fortaleza Centro de Eventos","https://www.tripadvisor.com.br/Hotel_Review-g303293-d9809779-Reviews-Ibis_Fortaleza_Centro_de_Eventos-Fortaleza_State_of_Ceara.html",359,"Rua Firmino Rocha Aguiar 1799 Patriolino Ribeiro, Fortaleza, Ceará 60810-165 Brasil","Encontrar um hotel familiar em Fortaleza não precisa ser uma tarefa difícil. Conheça o Ibis Fortaleza Centro de Eventos, uma excelente opção para viajantes como você.Durante a estadia no Ibis Fortaleza Centro de Eventos, os visitantes podem conhecer Praça Portugal (3,6 km) e Ginasio Paulo Sarasate (4,1 km), algumas das atrações mais famosas de Fortaleza.Os quartos contam com TV de tela plana, ar-condicionado e minibar, e no Ibis Fortaleza Centro de Eventos é fácil acessar a internet com o wi-fi gratuito disponível.Você pode ainda desfrutar algumas das comodidades oferecidas pelo hotel, como recepção 24 horas. Além disso, os hóspedes podem aproveitar o bar durante a estadia. Para aumentar a conveniência, o estacionamento está disponível para os hóspedes.Em Fortaleza, confira alguns restaurantes que ficam bem perto do Ibis Fortaleza Centro de Eventos, incluindo Pipo Restaurante (1,5 km), Santa Grelha Iguatemi (0,8 km) e La Frontera (0,2 km).Fortaleza também é uma cidade conhecida por sítios históricos famosos, como Mercado dos Pinhões, Centro de Turismo do Ceará e Estoril, que não ficam longe do Ibis Fortaleza Centro de Eventos.O Ibis Fortaleza Centro de Eventos aguarda você na sua visita a Fortaleza.Leia mais"
"      12. Seara Praia Hotel","https://www.tripadvisor.com.br/Hotel_Review-g303293-d307469-Reviews-Seara_Praia_Hotel-Fortaleza_State_of_Ceara.html",2742,"Av. Beira Mar, 3080 Meireles, Fortaleza, Ceará 60165-120 Brasil","Encontrar um hotel romântico em Fortaleza não precisa ser uma tarefa difícil. Conheça o Seara Praia Hotel, uma excelente opção para viajantes como você.Devido à proximidade de pontos turísticos importantes, como Praça Dos Stressados (0,2 km) e Praça Luíza Távora (2,0 km), os hóspedes do Seara Praia Hotel podem visitar com facilidade algumas das atrações mais famosas de Fortaleza.Os quartos do Seara Praia Hotel têm TV de tela plana, ar-condicionado e minibar, para oferecer conforto e conveniência excepcionais. Além disso, os hóspedes podem acessar a internet com o wi-fi gratuito.Recepção 24 horas, concierge e serviço de quarto são algumas das comodidades oferecidas neste hotel. A piscina no terraço e o café da manhã também ajudam a proporcionar uma estadia ainda mais especial. Se você for de carro, o Seara Praia Hotel conta com estacionamento.Em Fortaleza, não deixe de experimentar os pratos típicos de tapas em restaurantes como Bistrô Garrafeira.Fortaleza também é uma cidade conhecida por monumentos famosos, como Estatua de Iracema Guardiã e Estatua de Iracema, que não ficam longe do Seara Praia Hotel.O Seara Praia Hotel aguarda você na sua visita a Fortaleza.Leia mais"
"      13. Bourbon Fortaleza Hotel","https://www.tripadvisor.com.br/Hotel_Review-g303293-d307475-Reviews-Bourbon_Fortaleza_Hotel-Fortaleza_State_of_Ceara.html",213,"Avenida Beira Mar 2340, Fortaleza, Ceará 60165-120 Brasil","Descubra por que tantas pessoas escolhem se hospedar no Bourbon Fortaleza Hotel ao visitar Fortaleza. Com uma combinação ideal de preço bom, conforto e conveniência, o hotel oferece várias comodidades projetadas para viajantes como você. Durante a estadia no Bourbon Fortaleza Hotel, os visitantes podem conhecer Praça Dos Stressados (0,9 km) e Aterro da Praia de Iracema (1,3 km), algumas das atrações mais famosas de Fortaleza. Os quartos do Bourbon Fortaleza Hotel têm TV de tela plana, para oferecer conforto e conveniência excepcionais. Além disso, os hóspedes podem acessar a internet com o wi-fi gratuito. Recepção 24 horas, terraço e serviço de quarto são algumas das comodidades oferecidas neste hotel. A piscina no terraço e o café da manhã também ajudam a proporcionar uma estadia ainda mais especial. Se você for de carro, o Bourbon Fortaleza Hotel conta com estacionamento grátis. Em Fortaleza, não deixe de experimentar os pratos típicos de camarão em restaurantes como Mercado de Peixes do Mucuripe, Coco Bambu Frutos do Mar ou Coco Bambu Meireles. Fortaleza também é uma cidade conhecida por ótimos museus, como Memorial da Cultura Cearense, que não ficam longe do Bourbon Fortaleza Hotel. Seu conforto e satisfação vêm em primeiro lugar no Bourbon Fortaleza Hotel, que espera acolher você calorosamente em Fortaleza.Leia mais"
"      14. Holiday Inn Fortaleza","https://www.tripadvisor.com.br/Hotel_Review-g303293-d299094-Reviews-Holiday_Inn_Fortaleza_an_IHG_Hotel-Fortaleza_State_of_Ceara.html",2359,"Av Historiador Raimundo Girao, 800 800, Praia de Iracema, Fortaleza, Ceará 60165-050 Brasil","Conheça o Holiday Inn Fortaleza.Dispomos de 273 apartamentos, todos com vista para o mar, nas categorias Luxo, Luxo Especial, Luxo Superior e Suíte. Nossa área de eventos tem capacidade para até 120 pessoas. Possuímos 7 salas de eventos equipadas com linhas telefônicas e acesso a internet banda larga. Amplo foyer com vista mar para atender coffee breaks e coquetéis. Contamos com fitness center, piscina, jacuzzi ao ar livre, salão de jogos, kids club (espaço infantil) e copa do bebê.Aqui na frente do mar você irá sentir todo o frescor que é se hospedar em um hotel da Rede IHG. Pertinho dos principais pontos turísticos, e também de centros empresariais e aeroporto. É para você que vem à Fortaleza a lazer ou trabalho.Com quartos, estrutura e conceito completamente renovados, a ideia é que você desfrute de sofisticação com muita simplicidade.Leia mais"
"      15. Intercity Golden Fortaleza","https://www.tripadvisor.com.br/Hotel_Review-g303293-d299381-Reviews-Hotel_Golden_Fortaleza_by_Intercity-Fortaleza_State_of_Ceara.html",639,"Avenida Beira Mar, 4260 Praia de Mucuripe, Fortaleza, Ceará 60165-121 Brasil","Localizado na Praia do Mucuripe, em um dos pontos mais nobres da beira-mar da capital cearense, o hotel Golden Fortaleza é a escolha perfeita para quem busca sossego e conforto após um cansativo dia de trabalho. Por aqui você relaxa em um quarto amplo e confortável, é recepcionado por uma equipe prestativa, sempre com sorriso no rosto e aprecia uma vista incrível das tradicionais jangadas cearenses. Sobrou tempo na agenda? Aproveite para arejar a cabeça fazendo uma caminhada no calçadão em frente ao hotel.Leia mais"
"      16. Hotel Diogo Fortaleza","https://www.tripadvisor.com.br/Hotel_Review-g303293-d307015-Reviews-Hotel_Diogo_Fortaleza-Fortaleza_State_of_Ceara.html",1220,"Avenida Monsenhor Tabosa, 1716 Praia de Meireles, Fortaleza, Ceará 60165-068 Brasil","Descubra por que tantas pessoas escolhem se hospedar no Hotel Diogo Fortaleza ao visitar Fortaleza. Com uma combinação ideal de preço bom, conforto e conveniência, o hotel oferece um ambiente tranquilo com várias comodidades projetadas para viajantes como você.Com pontos turísticos próximos, como Aterro da Praia de Iracema (0,9 km) e Praça Luíza Távora (1,1 km), os hóspedes do Hotel Diogo Fortaleza não encontram dificuldade para conhecer algumas das atrações mais famosas de Fortaleza.Você vai desfrutar de um quarto com uma atmosfera relaxante, que conta com TV de tela plana, ar-condicionado e minibar. Além disso, a conexão à internet não será problema durante a estadia, pois o Hotel Diogo Fortaleza oferece wi-fi gratuito aos hóspedes.O hotel conta ainda com terraço, concierge e serviço de quarto. Além disso, o Hotel Diogo Fortaleza oferece piscina e café da manhã, o que garante momentos de relaxamento em um dia agitado. Para hóspedes com carros, há estacionamento grátis.Em Fortaleza, não deixe de experimentar os pratos típicos de costela em restaurantes como Coco Bambu Meireles, Sirigado ou Sirigaddo.Fortaleza também é uma cidade conhecida por ótimos museus de arte, como Museu da Fotografia Fortaleza, Museu de Arte Contemporânea do Ceará e Museu de Artes da Universidade Federal Ceará, que não ficam longe do Hotel Diogo Fortaleza.Seu conforto e satisfação vêm em primeiro lugar no Hotel Diogo Fortaleza, que espera acolher você calorosamente em Fortaleza.Leia mais"
"      17. Blue Tree Towers Fortaleza","https://www.tripadvisor.com.br/Hotel_Review-g303293-d501231-Reviews-Blue_Tree_Towers_Fortaleza-Fortaleza_State_of_Ceara.html",1043,"Avenida Beira Mar 3470 Meirelles, Fortaleza, Ceará 60165-120 Brasil","sem descrição"
"      18. Comfort Hotel Fortaleza","https://www.tripadvisor.com.br/Hotel_Review-g303293-d306998-Reviews-Comfort_Hotel_Fortaleza-Fortaleza_State_of_Ceara.html",3910,"Rua Frei Mansueto 160, Fortaleza, Ceará 60175-070 Brasil","Se você está procurando um hotel em Fortaleza, você acabou de encontrar o Comfort Hotel Fortaleza.Quem conhecer pontos turísticos famosos ao visitar Fortaleza, vai gostar de saber que o Comfort Hotel Fortaleza fica bem perto de lugares como Praça Dos Stressados (0,3 km) e Praça Luíza Távora (2,3 km).O Comfort Hotel Fortaleza oferece a seus hóspedes várias comodidades nos quartos, como TV de tela plana, minibar e ar-condicionado. Além disso, acessar a internet é possível com o wi-fi gratuito disponível.O hotel conta com recepção 24 horas, concierge e serviço de quarto, para tornar a sua estadia ainda mais agradável. A propriedade ainda conta com piscina e café da manhã. Os hóspedes que chegam de veículos têm acesso ao estacionamento grátis.Durante sua visita a Fortaleza, você pode conferir restaurantes badalados de comida indiana como Kasa Kaiada, que tem ótimos pratos no menu.Fortaleza também é uma cidade conhecida por parques federais notáveis, como Parque Estadual Marinho da Pedra da Risca do Meio, que não ficam longe do Comfort Hotel Fortaleza.A equipe do Comfort Hotel Fortaleza espera dar as boas-vindas a você em breve.Leia mais"
"      19. Hotel Beira Mar","https://www.tripadvisor.com.br/Hotel_Review-g303293-d583381-Reviews-Hotel_Beira_Mar-Fortaleza_State_of_Ceara.html",1118,"Av. Beira Mar, 3130 Praia do Meireles, Fortaleza, Ceará 60165-120 Brasil","O Hotel Beira Mar é uma ótima opção para pessoas que visitam Fortaleza. Tem um ambiente familiar além de várias comodidades para enriquecer a sua estadia.Como um verdadeiro “lar longe de casa”, os quartos deste hotel contam com TV de tela plana, minibar e geladeira. Além disso, acessar a internet é fácil com o wi-fi gratuito.Os hóspedes têm acesso a várias comodidades, a exemplo de concierge e serviço de quarto, durante a estadia no Hotel Beira Mar. Além disso, o Hotel Beira Mar oferece piscina e café da manhã, o que vai tornar sua viagem a Fortaleza ainda mais gratificante. Como uma conveniência a mais, o estacionamento grátis está disponível para os hóspedes.A proximidade de alguns pontos turísticos, como Praça Dos Stressados (0,1 km) e Praça Luíza Távora (2,0 km), fazem do Hotel Beira Mar um ótimo lugar para se hospedar em uma visita a Fortaleza.Durante sua visita, não deixe de ir a um restaurante badalado de Fortaleza para experimentar pratos de ostra, como Marcão das Ostras, que fica a uma curta distância do Hotel Beira Mar.Se sobrar tempo, Museu da Fotografia Fortaleza é uma atração popular que fica a uma caminhada de distância.Aproveite sua temporada em Fortaleza!Leia mais"
"      20. Bristol Jangada Fortaleza Hotel","https://www.tripadvisor.com.br/Hotel_Review-g303293-d307215-Reviews-Bristol_Jangada_Fortaleza_Hotel-Fortaleza_State_of_Ceara.html",658,"Avenida da Abolição 3035 Meireles, Fortaleza, Ceará 60165-081 Brasil","Veja porque é que tantos viajantes fazem do Bristol Jangada Fortaleza Hotel o seu hotel de escolha quando visitam Fortaleza. Proporcionando uma mistura ideal de valor, conforto e conveniência, oferece um ambiente familiar com uma série de comodidades concebidas para viajantes como você. Dada a proximidade de pontos de referência populares, tais como a Praça dos Stressados (0,1 mi) e a Praça Luíza Távora (1,3 mi), os hóspedes do Bristol Jangada Fortaleza Hotel podem facilmente experimentar algumas das atrações mais conhecidas de Fortaleza. Os quartos do Bristol Jangada Fortaleza Hotel incluem uma televisão de Tela plana, ar-condicionado e um mini-bar, e os hóspedes podem manter-se ligados com acesso Wi-Fi gratuito. Além disso, durante a sua estadia no Bristol Jangada Fortaleza Hotel, os hóspedes têm acesso a uma recepção 24 horas, serviço de quartos e local para armazenar bagagens. Também pode desfrutar de uma piscina no último piso e de pequeno-almoço gratuito. Precisa de um lugar para estacionar? Há estacionamento privado pago disponível no local. Enquanto estiver em Fortaleza, não deixe de experimentar as costelas locais favoritas no Coco Bambu Meireles, Sirigado, ou Sirigaddo. Fortaleza também é o lar do Parque Estadual Marinho da Pedra da Risca do Meio, um parque estadual popular que não fica muito longe do Bristol Jangada Fortaleza Hotel. No Bristol Jangada Fortaleza Hotel, o seu conforto e satisfação vêm em primeiro lugar, e eles estão ansiosos para recebê-lo em Fortaleza.Leia mais"
"      21. Mareiro Hotel","https://www.tripadvisor.com.br/Hotel_Review-g303293-d507174-Reviews-Mareiro_Hotel-Fortaleza_State_of_Ceara.html",1865,"Av Beira Mar 2380, Fortaleza, Ceará 60165-120 Brasil","Localizado a beira mar de Fortaleza, Mareiro e um hotel horizontal, com amplas areas verdes, terracos e piscinas. Nosso hotel oferece um ambiente ideal para ferias ou viagens de negocios. Dispomos de copa baby, cyber cafe e internet wireless.Leia mais"
"      22. Hotel Casa de Praia","https://www.tripadvisor.com.br/Hotel_Review-g303293-d1453618-Reviews-Hotel_Casa_de_Praia-Fortaleza_State_of_Ceara.html",741,"Rua Joaquim Alves 169 Praia de Iracema, Fortaleza, Ceará 60110-345 Brasil","Se você está procurando um hotel tranquilo em Fortaleza, você acabou de encontrar o Hotel Casa de Praia.Com pontos turísticos próximos, como Aterro da Praia de Iracema (0,3 km) e Igreja de Nossa Senhora da Conceição da Prainha (0,5 km), os hóspedes do Hotel Casa de Praia não encontram dificuldade para conhecer algumas das atrações mais famosas de Fortaleza.O Hotel Casa de Praia é um hotel tranquilo com TV de tela plana, geladeira e ar-condicionado nos quartos, além de wi-fi gratuito para que todos os hóspedes possam usar a internet à vontade.Além disso, os hóspedes podem aproveitar a piscina e o café da manhã, o que faz desse hotel uma opção popular entre as pessoas que visitam Fortaleza. Para hóspedes com carro, há estacionamento grátis.Durante sua estadia, não deixe de conferir restaurantes badalados de Fortaleza, famosos por pratos de lagosta, como Mercado de Peixes do Mucuripe, Coco Bambu Frutos do Mar e Coco Bambu Meireles, todos a uma curta distância do Hotel Casa de Praia.Na visita a esta cidade interessante, vale a pena conhecer uma de suas parques federais notáveis, como Parque Estadual Marinho da Pedra da Risca do Meio, que fica a uma curta distância do hotel.A equipe do Hotel Casa de Praia espera dar as boas-vindas a você em breve.Leia mais"
"      23. Pauli Boutique Hotel","https://www.tripadvisor.com.br/Hotel_Review-g303293-d14004615-Reviews-Pauli_Boutique_Hotel-Fortaleza_State_of_Ceara.html",129,"Avenida da Abolição, 3806, Fortaleza, Ceará 60165-082 Brasil","Descubra por que tantas pessoas escolhem se hospedar no Pauli Hotel ao visitar Fortaleza. Com uma combinação ideal de preço bom, conforto e conveniência, o hotel oferece várias comodidades projetadas para viajantes como você.Com pontos turísticos próximos, como Praça Dos Stressados (1,0 km) e Praça Luíza Távora (3,0 km), os hóspedes do Pauli Hotel não encontram dificuldade para conhecer algumas das atrações mais famosas de Fortaleza.O Pauli Hotel é um hotel com ar-condicionado e minibar nos quartos, além de wi-fi gratuito para que todos os hóspedes possam usar a internet à vontade.Além disso, os hóspedes podem aproveitar a piscina e o café da manhã, o que faz desse hotel uma opção popular entre as pessoas que visitam Fortaleza.Se você gosta de comida asiática, o Pauli Hotel fica convenientemente perto de Fuji Sushi Lounge, Misaki Restaurante e K-BAB.Fortaleza também é uma cidade conhecida por grandes obras arquitetônicas, como Igreja do Pequeno Grande, Igreja de Nazaré e Mausoléu Castelo Branco, que não ficam longe do Pauli Hotel.Seu conforto e satisfação vêm em primeiro lugar no Pauli Hotel, que espera acolher você calorosamente em Fortaleza.Leia mais"
"      24. Fortpraia Hotel","https://www.tripadvisor.com.br/Hotel_Review-g303293-d2098669-Reviews-Fortpraia_Hotel-Fortaleza_State_of_Ceara.html",281,"Av. Almirante Barroso, 714 Praia de Iracema, Fortaleza, Ceará 60060-440 Brasil","Fortpraia Hotel, localizado a 100m do mar, tem 03 pavimentos, sem elevador, Café da manhã no térreo; todos apartamentos tem Ar condicionado Split, Tv LCD 32"" com canais especiais, Minibar, ducha quente, camas box, Cofre individual, Telefone.Leia mais"
"      25. Hotel Brasil Tropical Residence","https://www.tripadvisor.com.br/Hotel_Review-g303293-d306978-Reviews-Hotel_Brasil_Tropical_Residence-Fortaleza_State_of_Ceara.html",1142,"Avenida Abolicao, 2323 Meireles, Fortaleza, Ceará 60165= Brasil","Conhecido como um dos hotéis mais conceituados da região do Meireles, o Hotel Brasil Tropical destaca-se pelo bom gosto e conforto que proporciona aos seus hóspedes. Com amplos apartamentos para acomodar hospedes a negócios ou lazer em família. O Hotel Brasil Tropical conta com a estrutura de restaurante, piscina e auditórios. Localizado na área mais nobre e atrativa da cidade, próximo aos principais pontos turísticos: Praia de Iracema, Feirinha de Artesanato e Centro Cultural Dragão do Mar. Tudo para você aproveitar o que Fortaleza tem de melhor e com facilidade de deslocamento. As acomodações oferecem o máximo de comodidade, com camas confortáveis, sala de estar, televisão, banheiro com chuveiro elétrico, secador de cabelo e armários espaços para guarda de pertences facilitando sua comodidade. Outro atrativo do hotel é o maravilhoso buffet do nosso restaurante, que é aberto ao público para café da manhã completo, buffets de almoço, incluindo estação de massa, e jantar, com serviço de consume, com pratos preparados por chef renomado e ingredientes de alta qualidade. A piscina do Hotel Brasil Tropical está estrategicamente localizada na cobertura para que os hospedes possam aproveitar o sol e desfrutar de drinks durante o dia. Os auditórios são ideais para realização de eventos corporativos, cursos, palestras e coquetéis e está em andar e acesso exclusivo. Nossos auditórios são equipados com cadeiras confortáveis, excelente iluminação e telões com projetores, para apresentação de temas da melhor forma. Venha conhecer Fortaleza acomodado em um lugar privilegiado, venha para o Hotel Brasil Tropical.Leia mais"
"      26. Hotel Praia Centro","https://www.tripadvisor.com.br/Hotel_Review-g303293-d455237-Reviews-Hotel_Praia_Centro-Fortaleza_State_of_Ceara.html",768,"Avenida Monsenhor Tabosa 740, Fortaleza, Ceará 60165-010 Brasil","O Hotel Praia Centro é uma excelente opção para pessoas que visitam Fortaleza, oferecendo várias comodidades que vão tornar a sua estadia mais especial.A proximidade de pontos turísticos da cidade, como Igreja de Nossa Senhora da Conceição da Prainha (0,4 km) e Mercado dos Pinhões (0,4 km), faz do Hotel Praia Centro um ótimo lugar para se hospedar ao visitar Fortaleza.Os quartos do Hotel Praia Centro oferecem minibar e ar-condicionado. Além disso, os hóspedes podem aproveitar a internet à vontade com wi-fi gratuito.Além disso, ao se hospedar no Hotel Praia Centro, os hóspedes podem usar comodidades como recepção 24 horas, serviço de quarto e terraço. Você também desfruta da piscina no terraço e do café da manhã ao se hospedar no Hotel Praia Centro. Precisa de uma vaga para o carro? Há estacionamento no Hotel Praia Centro.Quando bater aquela fome, não deixe de conferir Dom Pastel - Coco Bambu, Fuji Sushi Lounge e Ryori Sushi Lounge, que são alguns dos restaurantes que servem sushi, muito populares entre moradores e visitantes.Na visita a esta cidade interessante, vale a pena conhecer monumentos famosos como Estatua de Iracema Guardiã e Estatua de Iracema, que ficam a uma curta distância do hotel.Aproveite a sua visita a Fortaleza!Leia mais"
"      27. Carppa Hotel","https://www.tripadvisor.com.br/Hotel_Review-g303293-d307206-Reviews-Carppa_Hotel-Fortaleza_State_of_Ceara.html",1039,"Av. Almirante Barroso, 701 Praia de Iracema, Fortaleza, Ceará 60060-440 Brasil","Receba as boas-vindas ao Carmel Express Hotel, seu “lar longe de casa” em Fortaleza. O Carmel Express Hotel tem como meta proporcionar a você uma visita relaxante e agradável, motivo pelo qual vários hóspedes retornam todos os anos.Perto de alguns dos badalados pontos turísticos de Fortaleza, como Estoril (0,1 km) e Ponte dos Ingleses (0,2 km), o Carmel Express Hotel é um ótimo destino para turistas.Os quartos do Carmel Express Hotel oferecem TV de tela plana, ar-condicionado e minibar. Além disso, os hóspedes podem aproveitar a internet à vontade com wi-fi gratuito.Além disso, ao se hospedar no Carmel Express Hotel, os hóspedes podem usar comodidades como recepção 24 horas, terraço e terraço aberto. Você também desfruta da piscina e do bufê de café da manhã ao se hospedar no Carmel Express Hotel.Em Fortaleza, não deixe de experimentar os pratos típicos de camarão em restaurantes como Mercado de Peixes do Mucuripe, Coco Bambu Frutos do Mar ou Coco Bambu Meireles.Fortaleza também é uma cidade conhecida por belas galerias de arte, como Salão Das Ilusões, Vestigium e Sem Titulo Arte, que não ficam longe do Carmel Express Hotel.O Carmel Express Hotel oferece o melhor de Fortaleza a poucos passos, além de proporcionar uma estadia relaxante e agradável.Leia mais"
"      28. Praia Mansa Suíte Hotel","https://www.tripadvisor.com.br/Hotel_Review-g303293-d301490-Reviews-LRM_Praia_Mansa-Fortaleza_State_of_Ceara.html",323,"Avenida Abolição 2480 Meireles, Fortaleza, Ceará 60165-080 Brasil","Procurando um lugar para ficar em Fortaleza? Você acabou de encontrar: Praia Mansa Suíte Hotel, um hotel familiar que oferece o melhor de Fortaleza.Os quartos do Praia Mansa Suite Hotel contam com TV de tela plana, ar-condicionado e minibar para oferecer conforto e conveniência excepcionais. Além disso, os hóspedes podem acessar a internet com o wi-fi gratuito.A piscina e o café da manhã também ajudam a proporcionar uma estadia ainda mais especial. Se você for de carro, o Praia Mansa Suite Hotel tem estacionamento grátis.Quem conhecer pontos turísticos famosos ao visitar Fortaleza, vai gostar de saber que o Praia Mansa Suite Hotel fica bem perto de lugares como Praça Dos Stressados (0,5 km) e Praça Luíza Távora (1,6 km).Quem quiser degustar um prato de ostra pode conferir Marcão das Ostras. Outra alternativa é um restaurante que serve comida asiática como Fuji Sushi Lounge, Misaki Restaurante ou K-BAB.Fortaleza também é uma cidade conhecida por ótimos museus de arte, como Museu da Fotografia Fortaleza, Museu de Arte Contemporânea do Ceará e Museu de Artes da Universidade Federal Ceará, que não ficam longe do Praia Mansa Suite Hotel.Com certeza você vai gostar de se hospedar lá, pois o Praia Mansa Suíte Hotel está bem perto de todas as coisas boas que Fortaleza tem a oferecer.Leia mais"
"      29. Maredomus Hotel","https://www.tripadvisor.com.br/Hotel_Review-g303293-d421721-Reviews-Maredomus_Hotel-Fortaleza_State_of_Ceara.html",489,"Av: Almirante Barroso, 1030 Praia de Iracema, Fortaleza, Ceará 60060-440 Brasil","O Maredomus Hotel em Fortaleza dispõe de 80 confortáveis apartamentos, distribuídos em 40 frente mar e 40 standard. Os apartamentos do Maredomus Hotel são decorados em tons suaves e planejados para receber tanto quem vem a passeio quanto para quem vem a negócio. Dispomos de piscina na cobertura com vista para o mar, sauna, restaurante, estrutura para eventos e Wi-Fi em todos os ambientes. O Maredomus está a 5 minutos dos melhores restaurantes, bares e das mais badaladas boates da Cidade. CAFÉ DA MANHÃ E WI-FI INCLUSOS COMO CORTESIA EM SUA DIÁRIA.Leia mais"
"      30. Ponta Mar Hotel","https://www.tripadvisor.com.br/Hotel_Review-g303293-d307467-Reviews-Ponta_Mar_Hotel-Fortaleza_State_of_Ceara.html",2317,"Av. Beira Mar 2200, Meireles, Fortaleza, Ceará 60165-120 Brasil","O Ponta Mar Hotel é uma excelente opção para pessoas que visitam Fortaleza, oferecendo um ambiente familiar e várias comodidades que vão tornar a sua estadia mais especial.Devido à proximidade de pontos turísticos importantes, como Praça Dos Stressados (1,0 km) e Aterro da Praia de Iracema (1,1 km), os hóspedes do Ponta Mar Hotel podem visitar com facilidade algumas das atrações mais famosas de Fortaleza.Os quartos do Ponta Mar Hotel têm TV de tela plana, ar-condicionado e minibar, para oferecer conforto e conveniência excepcionais. Além disso, os hóspedes podem acessar a internet com o wi-fi gratuito.Recepção 24 horas, concierge e serviço de quarto são algumas das comodidades oferecidas neste hotel. A piscina e o café da manhã também ajudam a proporcionar uma estadia ainda mais especial. Se você for de carro, o Ponta Mar Hotel conta com estacionamento grátis.Em Fortaleza, não deixe de experimentar os pratos típicos de tapas em restaurantes como Bistrô Garrafeira.Fortaleza também é uma cidade conhecida por monumentos famosos, como Estatua de Iracema Guardiã e Estatua de Iracema, que não ficam longe do Ponta Mar Hotel.Aproveite a sua visita a Fortaleza!Leia mais"
